target,best_model,method,test_mae,test_rmse,test_r2
Actual_Impact_Value,ExtraTrees,old_direct,2316.5266466395215,2964.7382038361507,0.9168775250159611
Internal_Participants,HistGB,old_direct,5.655617192205595,9.256043240811252,0.9657391715332015
Participation_Rate,Ridge,old_direct,1.2243135651016035,1.6719572437486243,0.9341818393851897
execution_rate,Ridge,old_direct,5.817173982238714,7.317410154133504,0.8514843270336792
Actual_Cost_EUR,random_forest,,6281.196157152489,8660.82428886803,0.8507939742178159
