model,cv_mae,cv_rmse,cv_r2
random_forest,0.1757073626760747,0.2263086449549989,0.9342143424834376
extra_trees,0.17580907760861897,0.23898902227358634,0.9270061348839912
gradient_boosting,0.19797501123639746,0.2682999388318195,0.9074260834191376
ridge,0.255515551439233,0.3663400536415255,0.8292103851450587
