{
    "thresholds": {
        "execution_threshold": 0.5403578108886373,
        "risk_low": 0.6782546855455882,
        "risk_high": 0.7994186063302041
    },
    "mode_1_execution": {
        "accuracy": 0.8490566037735849,
        "precision": 0.8490566037735849,
        "recall": 1.0,
        "f1": 0.9183673469387755
    },
    "mode_2_risk": {
        "accuracy": 0.6698113207547169,
        "precision": 0.8767123287671232,
        "recall": 0.7111111111111111,
        "f1": 0.7852760736196319
    }
}